# SEO Redirects - Consolidate handyman pages
/services/handyman-services    /services/mobile-handyman-services    301!

# Legacy URL redirects
/aarons-handyman/    /services/mobile-handyman-services    301!
/pier-beam-repair-buffalo/    /services/foundation-repair    301!

# Netlify redirects for SPA routing
/*    /index.html      200

# Specific redirects for city pages
/kenmore-home    /kenmore-home    200
/tonawanda-home    /tonawanda-home    200
/north-tonawanda-home    /north-tonawanda-home    200